{"cameraMode":{"drawMode":0,"name":"Shaded","section":"Shading Mode"},"sceneLighting":true,"audioPlay":false,"sceneViewState":{"m_AlwaysRefresh":false,"showFog":true,"showSkybox":true,"showFlares":true,"showImageEffects":true,"showParticleSystems":true,"showVisualEffectGraphs":true,"m_FxEnabled":true},"in2DMode":false,"pivot":{"x":359.901611328125,"y":185.48216247558595,"z":115.86270141601563},"rotation":{"x":-0.2814294695854187,"y":-0.012381376698613167,"z":0.003630800638347864,"w":-0.9594878554344177},"size":189.62655639648438,"orthographic":false}